PAT_MRN_ID,FACILITY_ID ,ENCOUNTER_ID,ENCOUNTER_CLASS_CODE_SYSTEM,ENCOUNTER_CLASS_CODE,ENCOUNTER_CLASS_CODE_DESCRIPTION,ENCOUNTER_STATUS_CODE_SYSTEM,ENCOUNTER_STATUS_CODE,ENCOUNTER_STATUS_CODE_DESCRIPTION,ENCOUNTER_TYPE_CODE_SYSTEM,ENCOUNTER_TYPE_CODE,ENCOUNTER_TYPE_CODE_DESCRIPTION,SCREENING_CODE_DESCRIPTION,SCREENING_CODE_SYSTEM_NAME,SCREENING_CODE,SCREENING_STATUS_CODE_DESCRIPTION,SCREENING_STATUS_CODE,SCREENING_STATUS_CODE_SYSTEM,RECORDED_TIME,QUESTION_CODE_DESCRIPTION,ANSWER_CODE_DESCRIPTION,UCUM_UNITS,QUESTION_CODE,QUESTION_CODE_SYSTEM_NAME,ANSWER_CODE,ANSWER_CODE_SYSTEM_NAME,PARENT_QUESTION_CODE,SDOH_DOMAIN,POTENTIAL_NEED_INDICATED
11223344,CUMC,CUMC12345,http://terminology.hl7.org/ValueSet/v3-ActEncounterCode,FLD,Field,http://hl7.org/fhir/encounter-status,completed,Completed,SNOMED-CT,405672008,Direct Questioning,"
Accountable health communities (AHC) health-related social needs screening (HRSN) tool",LN,96777-8,Final,Final,http://hl7.org/fhir/observation-status,20231207  16:08:01 ,What is your living situation today?,I have a steady place to live,,71802-3,LN,LA31993-1,LN,,Homelessness; Housing Instability,No
11223344,CUMC,CUMC12345,http://terminology.hl7.org/ValueSet/v3-ActEncounterCode,FLD,Field,http://hl7.org/fhir/encounter-status,completed,Completed,SNOMED-CT,405672008,Direct Questioning,"
Accountable health communities (AHC) health-related social needs screening (HRSN) tool",LN,96777-8,Final,Final,http://hl7.org/fhir/observation-status,20231207  16:08:01 ,Think about the place you live. Do you have problems with any of the following?,Mold,,"96778-6	",LN,LA28580-1,LN,,Inadequate Housing,Yes
11223344,CUMC,CUMC12345,http://terminology.hl7.org/ValueSet/v3-ActEncounterCode,FLD,Field,http://hl7.org/fhir/encounter-status,completed,Completed,SNOMED-CT,405672008,Direct Questioning,"
Accountable health communities (AHC) health-related social needs screening (HRSN) tool",LN,96777-8,Final,Final,http://hl7.org/fhir/observation-status,20231207  16:08:01 ,"Within the past 12 months, you worried that your food would run out before you got money to buy more.",Often true,,88122-7,LN,LA28397-0,LN,,Food Insecurity,Yes
11223344,CUMC,CUMC12345,http://terminology.hl7.org/ValueSet/v3-ActEncounterCode,FLD,Field,http://hl7.org/fhir/encounter-status,completed,Completed,SNOMED-CT,405672008,Direct Questioning,"
Accountable health communities (AHC) health-related social needs screening (HRSN) tool",LN,96777-8,Final,Final,http://hl7.org/fhir/observation-status,20231207  16:08:01 ,"Within the past 12 months, the food you bought just didn't last and you didn't have money to get more.",Often true,,88123-5,LN,LA28397-0,LN,,Food Insecurity,Yes
11223344,CUMC,CUMC12345,http://terminology.hl7.org/ValueSet/v3-ActEncounterCode,FLD,Field,http://hl7.org/fhir/encounter-status,completed,Completed,SNOMED-CT,405672008,Direct Questioning,"
Accountable health communities (AHC) health-related social needs screening (HRSN) tool",LN,96777-8,Final,Final,http://hl7.org/fhir/observation-status,20231207  16:08:01 ,"In the past 12 months, has lack of reliable transportation kept you from medical appointments, meetings, work or from getting things needed for daily living?",No,,93030-5,LN,LA32-8,LN,,Transportation Insecurity,No
11223344,CUMC,CUMC12345,http://terminology.hl7.org/ValueSet/v3-ActEncounterCode,FLD,Field,http://hl7.org/fhir/encounter-status,completed,Completed,SNOMED-CT,405672008,Direct Questioning,"
Accountable health communities (AHC) health-related social needs screening (HRSN) tool",LN,96777-8,Final,Final,http://hl7.org/fhir/observation-status,20231207  16:08:01 ,"In the past 12 months has the electric, gas, oil, or water company threatened to shut off services in your home?",No,,96779-4,LN,LA32-8,LN,,Utility Insecurity,No
11223344,CUMC,CUMC12345,http://terminology.hl7.org/ValueSet/v3-ActEncounterCode,FLD,Field,http://hl7.org/fhir/encounter-status,completed,Completed,SNOMED-CT,405672008,Direct Questioning,"
Accountable health communities (AHC) health-related social needs screening (HRSN) tool",LN,96777-8,Final,Final,http://hl7.org/fhir/observation-status,20231207  16:08:01 ," How often does anyone, including family and friends, physically hurt you?",Never ,,95618-5,LN,LA6270-8,LN,,Interpersonal Safety,NA
11223344,CUMC,CUMC12345,http://terminology.hl7.org/ValueSet/v3-ActEncounterCode,FLD,Field,http://hl7.org/fhir/encounter-status,completed,Completed,SNOMED-CT,405672008,Direct Questioning,"
Accountable health communities (AHC) health-related social needs screening (HRSN) tool",LN,96777-8,Final,Final,http://hl7.org/fhir/observation-status,20231207  16:08:01 ," How often does anyone, including family and friends, insult or talk down to you?",Never ,,95617-7,LN,LA6270-8,LN,,Interpersonal Safety,NA
11223344,CUMC,CUMC12345,http://terminology.hl7.org/ValueSet/v3-ActEncounterCode,FLD,Field,http://hl7.org/fhir/encounter-status,completed,Completed,SNOMED-CT,405672008,Direct Questioning,"
Accountable health communities (AHC) health-related social needs screening (HRSN) tool",LN,96777-8,Final,Final,http://hl7.org/fhir/observation-status,20231207  16:08:01 ,"How often does anyone, including family and friends, threaten you with harm?",Never ,,95616-9,LN,LA6270-8,LN,,Interpersonal Safety,NA
11223344,CUMC,CUMC12345,http://terminology.hl7.org/ValueSet/v3-ActEncounterCode,FLD,Field,http://hl7.org/fhir/encounter-status,completed,Completed,SNOMED-CT,405672008,Direct Questioning,"
Accountable health communities (AHC) health-related social needs screening (HRSN) tool",LN,96777-8,Final,Final,http://hl7.org/fhir/observation-status,20231207  16:08:01 ," How often does anyone, including family and friends, scream or curse at you?",Never ,,95615-1,LN,LA6270-8,LN,,Interpersonal Safety,NA
11223344,CUMC,CUMC12345,http://terminology.hl7.org/ValueSet/v3-ActEncounterCode,FLD,Field,http://hl7.org/fhir/encounter-status,completed,Completed,SNOMED-CT,405672008,Direct Questioning,"
Accountable health communities (AHC) health-related social needs screening (HRSN) tool",LN,96777-8,Final,Final,http://hl7.org/fhir/observation-status,20231207  16:08:01 ,Safety total score,4,{score},95614-4,LN,,,,Interpersonal Safety,No
11223344,CUMC,CUMC12345,http://terminology.hl7.org/ValueSet/v3-ActEncounterCode,FLD,Field,http://hl7.org/fhir/encounter-status,completed,Completed,SNOMED-CT,405672008,Direct Questioning,Accountable health communities (AHC) health-related social needs (HRSN) supplemental questions,LN,97023-6,Final,Final,http://hl7.org/fhir/observation-status,20231207  16:08:01 ,"How hard is it for you to pay for the very basics like food, housing, medical care, and heating?",Somewhat Hard,,76513-1,LN,LA22683-9,LN,,Financial Insecurity,Yes
11223344,CUMC,CUMC12345,http://terminology.hl7.org/ValueSet/v3-ActEncounterCode,FLD,Field,http://hl7.org/fhir/encounter-status,completed,Completed,SNOMED-CT,405672008,Direct Questioning,Accountable health communities (AHC) health-related social needs (HRSN) supplemental questions,LN,97023-6,Final,Final,http://hl7.org/fhir/observation-status,20231207  16:08:01 ,Do you want help finding or keeping work or a job?,"Yes, help finding work",,96780-2,LN,LA31981-6,LN,,Employment Status,Yes
11223344,CUMC,CUMC12345,http://terminology.hl7.org/ValueSet/v3-ActEncounterCode,FLD,Field,http://hl7.org/fhir/encounter-status,completed,Completed,SNOMED-CT,405672008,Direct Questioning,Accountable health communities (AHC) health-related social needs (HRSN) supplemental questions,LN,97023-6,Final,Final,http://hl7.org/fhir/observation-status,20231207  16:08:01 ,"If for any reason you need help with day-to-day activities such as bathing, preparing meals, shopping, managing finances, etc., do you get the help you need?",I don't need any help,,96781-0,LN,LA31976-6,LN,,Social Connection,No
11223344,CUMC,CUMC12345,http://terminology.hl7.org/ValueSet/v3-ActEncounterCode,FLD,Field,http://hl7.org/fhir/encounter-status,completed,Completed,SNOMED-CT,405672008,Direct Questioning,Accountable health communities (AHC) health-related social needs (HRSN) supplemental questions,LN,97023-6,Final,Final,http://hl7.org/fhir/observation-status,20231207  16:08:01 ,How often do you feel lonely or isolated from those around you?,Never ,,"93159-2	",LN,LA6270-8,LN,,Social Connection,No
11223344,CUMC,CUMC12345,http://terminology.hl7.org/ValueSet/v3-ActEncounterCode,FLD,Field,http://hl7.org/fhir/encounter-status,completed,Completed,SNOMED-CT,405672008,Direct Questioning,Accountable health communities (AHC) health-related social needs (HRSN) supplemental questions,LN,97023-6,Final,Final,http://hl7.org/fhir/observation-status,20231207  16:08:01 ,Do you speak a language other than English at home?,Yes,,97027-7,LN,LA33-6,LN,,Language Accessibility,No
11223344,CUMC,CUMC12345,http://terminology.hl7.org/ValueSet/v3-ActEncounterCode,FLD,Field,http://hl7.org/fhir/encounter-status,completed,Completed,SNOMED-CT,405672008,Direct Questioning,Accountable health communities (AHC) health-related social needs (HRSN) supplemental questions,LN,97023-6,Final,Final,http://hl7.org/fhir/observation-status,20231207  16:08:01 ,"Do you want help with school or training? For example, starting or completing job training or getting a high school diploma, GED or equivalent.",Yes,,"96782-8	",LN,"	LA33-6",LN,,Educational Attainment,Yes
11223344,CUMC,CUMC12345,http://terminology.hl7.org/ValueSet/v3-ActEncounterCode,FLD,Field,http://hl7.org/fhir/encounter-status,completed,Completed,SNOMED-CT,405672008,Direct Questioning,Accountable health communities (AHC) health-related social needs (HRSN) supplemental questions,LN,97023-6,Final,Final,http://hl7.org/fhir/observation-status,20231207  16:08:01 ,"In the last 30 days, other than the activities you did for work, on average, how many days per week did you engage in moderate exercise (like walking fast, running, jogging, dancing, swimming, biking, or other similar activities)?",3,d/wk,89555-7,LN,"	LA6114-8",LN,,Physical Activity,NA
11223344,CUMC,CUMC12345,http://terminology.hl7.org/ValueSet/v3-ActEncounterCode,FLD,Field,http://hl7.org/fhir/encounter-status,completed,Completed,SNOMED-CT,405672008,Direct Questioning,Accountable health communities (AHC) health-related social needs (HRSN) supplemental questions,LN,97023-6,Final,Final,http://hl7.org/fhir/observation-status,20231207  16:08:01 ,"On average, how many minutes did you usually spend exercising at this level on one of those days?",40,min/d,"68516-4	",LN,"	LA28858-1",LN,,Physical Activity,NA
11223344,CUMC,CUMC12345,http://terminology.hl7.org/ValueSet/v3-ActEncounterCode,FLD,Field,http://hl7.org/fhir/encounter-status,completed,Completed,SNOMED-CT,405672008,Direct Questioning,,,,Final,Final,http://hl7.org/fhir/observation-status,20231207  16:08:01 ,Calculated weekly physical activity,120,min/wk,,,,,,Physical Activity,Yes
11223344,CUMC,CUMC12345,http://terminology.hl7.org/ValueSet/v3-ActEncounterCode,FLD,Field,http://hl7.org/fhir/encounter-status,completed,Completed,SNOMED-CT,405672008,Direct Questioning,Accountable health communities (AHC) health-related social needs (HRSN) supplemental questions,LN,97023-6,Final,Final,http://hl7.org/fhir/observation-status,20231207  16:08:01 ,How many times in the past 12 months have you had 5 or more drinks in a day (males) or 4 or more drinks in a day (females)?,Once or twice,{#}/a,68517-2,LN,LA26460-8,LN,,Substance Use (Alcohol Use),Yes
11223344,CUMC,CUMC12345,http://terminology.hl7.org/ValueSet/v3-ActEncounterCode,FLD,Field,http://hl7.org/fhir/encounter-status,completed,Completed,SNOMED-CT,405672008,Direct Questioning,Accountable health communities (AHC) health-related social needs (HRSN) supplemental questions,LN,97023-6,Final,Final,http://hl7.org/fhir/observation-status,20231207  16:08:01 ,How often have you used any tobacco product in past 12 months?,Once or twice,,96842-0,LN,LA26460-8,LN,,Substance Use (Tobacco Use),Yes
11223344,CUMC,CUMC12345,http://terminology.hl7.org/ValueSet/v3-ActEncounterCode,FLD,Field,http://hl7.org/fhir/encounter-status,completed,Completed,SNOMED-CT,405672008,Direct Questioning,Accountable health communities (AHC) health-related social needs (HRSN) supplemental questions,LN,97023-6,Final,Final,http://hl7.org/fhir/observation-status,20231207  16:08:01 ,How many times in the past year have you used prescription drugs for non-medical reasons?,Once or twice,,95530-2,LN,LA26460-8,LN,,Substance Use,Yes
11223344,CUMC,CUMC12345,http://terminology.hl7.org/ValueSet/v3-ActEncounterCode,FLD,Field,http://hl7.org/fhir/encounter-status,completed,Completed,SNOMED-CT,405672008,Direct Questioning,Accountable health communities (AHC) health-related social needs (HRSN) supplemental questions,LN,97023-6,Final,Final,http://hl7.org/fhir/observation-status,20231207  16:08:01 ,How many times in the past year have you used illegal drugs?,Once or twice,{#}/a,68524-8,LN,LA26460-8,LN,,Substance Use,Yes
11223344,CUMC,CUMC12345,http://terminology.hl7.org/ValueSet/v3-ActEncounterCode,FLD,Field,http://hl7.org/fhir/encounter-status,completed,Completed,SNOMED-CT,405672008,Direct Questioning,Accountable health communities (AHC) health-related social needs (HRSN) supplemental questions,LN,97023-6,Final,Final,http://hl7.org/fhir/observation-status,20231207  16:08:01 ,Little interest or pleasure in doing things?,Not at all,,44250-9,LN,"	LA6568-5",LN,,Mental Health (Depression),NA
11223344,CUMC,CUMC12345,http://terminology.hl7.org/ValueSet/v3-ActEncounterCode,FLD,Field,http://hl7.org/fhir/encounter-status,completed,Completed,SNOMED-CT,405672008,Direct Questioning,Accountable health communities (AHC) health-related social needs (HRSN) supplemental questions,LN,97023-6,Final,Final,http://hl7.org/fhir/observation-status,20231207  16:08:01 ,"	Feeling down, depressed, or hopeless?",Not at all,,44255-8,LN,"	LA6568-5",LN,,Mental Health (Depression),NA
11223344,CUMC,CUMC12345,http://terminology.hl7.org/ValueSet/v3-ActEncounterCode,FLD,Field,http://hl7.org/fhir/encounter-status,completed,Completed,SNOMED-CT,405672008,Direct Questioning,,,,Final,Final,http://hl7.org/fhir/observation-status,20231207  16:08:01 ,Calculated mental health score,0,,,,,,,Mental Health (Depression),No
11223344,CUMC,CUMC12345,http://terminology.hl7.org/ValueSet/v3-ActEncounterCode,FLD,Field,http://hl7.org/fhir/encounter-status,completed,Completed,SNOMED-CT,405672008,Direct Questioning,Accountable health communities (AHC) health-related social needs (HRSN) supplemental questions,LN,97023-6,Final,Final,http://hl7.org/fhir/observation-status,20231207  16:08:01 ,"Stress means a situation in which a person feels tense, restless, nervous, or anxious, or is unable to sleep at night because his or her mind is troubled all the time. Do you feel this kind of stress these days?",Not at all,,93038-8,LN,"	LA6568-5",LN,,Stress,No
11223344,CUMC,CUMC12345,http://terminology.hl7.org/ValueSet/v3-ActEncounterCode,FLD,Field,http://hl7.org/fhir/encounter-status,completed,Completed,SNOMED-CT,405672008,Direct Questioning,Accountable health communities (AHC) health-related social needs (HRSN) supplemental questions,LN,97023-6,Final,Final,http://hl7.org/fhir/observation-status,20231207  16:08:01 ,"Because of a physical, mental, or emotional condition, do you have serious difficulty concentrating, remembering, or making decisions?",No,,69858-9,LN,LA32-8,LN,,Disability,No
11223344,CUMC,CUMC12345,http://terminology.hl7.org/ValueSet/v3-ActEncounterCode,FLD,Field,http://hl7.org/fhir/encounter-status,completed,Completed,SNOMED-CT,405672008,Direct Questioning,Accountable health communities (AHC) health-related social needs (HRSN) supplemental questions,LN,97023-6,Final,Final,http://hl7.org/fhir/observation-status,20231207  16:08:01 ,"Because of a physical, mental, or emotional condition, do you have difficulty doing errands alone such as visiting a physician's office or shopping?",No,,"69861-3	",LN,LA32-8,LN,,Disability,No
11335566,AMC,AMC12345,http://terminology.hl7.org/ValueSet/v3-ActEncounterCode,FLD,Field,http://hl7.org/fhir/encounter-status,completed,Completed,CPT,405672008,Direct Questioning,"
Accountable health communities (AHC) health-related social needs screening (HRSN) tool",LN,96777-8,Final,Final,http://hl7.org/fhir/observation-status,20230215  14:38:06 ,What is your living situation today?,I have a steady place to live,,71802-3,LN,LA31993-1,LN,71802-3,Homelessness; Housing Instability,No
11335566,AMC,AMC12345,http://terminology.hl7.org/ValueSet/v3-ActEncounterCode,FLD,Field,http://hl7.org/fhir/encounter-status,completed,Completed,CPT,405672008,Direct Questioning,"
Accountable health communities (AHC) health-related social needs screening (HRSN) tool",LN,96777-8,Final,Final,http://hl7.org/fhir/observation-status,20230215  14:38:06 ,Think about the place you live. Do you have problems with any of the following?,Lead paint or pipes; Water leaks,,"96778-6	",LN,LA31997-2; LA32001-2,LN,"96778-6	",Inadequate Housing,Yes
11335566,AMC,AMC12345,http://terminology.hl7.org/ValueSet/v3-ActEncounterCode,FLD,Field,http://hl7.org/fhir/encounter-status,completed,Completed,CPT,405672008,Direct Questioning,"
Accountable health communities (AHC) health-related social needs screening (HRSN) tool",LN,96777-8,Final,Final,http://hl7.org/fhir/observation-status,20230215  14:38:06 ,"Within the past 12 months, you worried that your food would run out before you got money to buy more.",Sometimes true,,88122-7,LN,"	LA6729-3",LN,88122-7,Food Insecurity,Yes
11335566,AMC,AMC12345,http://terminology.hl7.org/ValueSet/v3-ActEncounterCode,FLD,Field,http://hl7.org/fhir/encounter-status,completed,Completed,CPT,405672008,Direct Questioning,"
Accountable health communities (AHC) health-related social needs screening (HRSN) tool",LN,96777-8,Final,Final,http://hl7.org/fhir/observation-status,20230215  14:38:06 ,"Within the past 12 months, the food you bought just didn't last and you didn't have money to get more.",Sometimes true,,88123-5,LN,"	LA6729-3",LN,88123-5,Food Insecurity,Yes
11335566,AMC,AMC12345,http://terminology.hl7.org/ValueSet/v3-ActEncounterCode,FLD,Field,http://hl7.org/fhir/encounter-status,completed,Completed,CPT,405672008,Direct Questioning,"
Accountable health communities (AHC) health-related social needs screening (HRSN) tool",LN,96777-8,Final,Final,http://hl7.org/fhir/observation-status,20230215  14:38:06 ,"In the past 12 months, has lack of reliable transportation kept you from medical appointments, meetings, work or from getting things needed for daily living?",No,,93030-5,LN,LA32-8,LN,93030-5,Transportation Insecurity,No
11335566,AMC,AMC12345,http://terminology.hl7.org/ValueSet/v3-ActEncounterCode,FLD,Field,http://hl7.org/fhir/encounter-status,completed,Completed,CPT,405672008,Direct Questioning,"
Accountable health communities (AHC) health-related social needs screening (HRSN) tool",LN,96777-8,Final,Final,http://hl7.org/fhir/observation-status,20230215  14:38:06 ,"In the past 12 months has the electric, gas, oil, or water company threatened to shut off services in your home?",Yes,,96779-4,LN,"	LA33-6",LN,96779-4,Utility Insecurity,Yes
11335566,AMC,AMC12345,http://terminology.hl7.org/ValueSet/v3-ActEncounterCode,FLD,Field,http://hl7.org/fhir/encounter-status,completed,Completed,CPT,405672008,Direct Questioning,"
Accountable health communities (AHC) health-related social needs screening (HRSN) tool",LN,96777-8,Final,Final,http://hl7.org/fhir/observation-status,20230215  14:38:06 ," How often does anyone, including family and friends, physically hurt you?",Never ,,95618-5,LN,LA6270-8,LN,95618-5,Interpersonal Safety,NA
11335566,AMC,AMC12345,http://terminology.hl7.org/ValueSet/v3-ActEncounterCode,FLD,Field,http://hl7.org/fhir/encounter-status,completed,Completed,CPT,405672008,Direct Questioning,"
Accountable health communities (AHC) health-related social needs screening (HRSN) tool",LN,96777-8,Final,Final,http://hl7.org/fhir/observation-status,20230215  14:38:06 ," How often does anyone, including family and friends, insult or talk down to you?",Never ,,95617-7,LN,LA6270-8,LN,95617-7,Interpersonal Safety,NA
11335566,AMC,AMC12345,http://terminology.hl7.org/ValueSet/v3-ActEncounterCode,FLD,Field,http://hl7.org/fhir/encounter-status,completed,Completed,CPT,405672008,Direct Questioning,"
Accountable health communities (AHC) health-related social needs screening (HRSN) tool",LN,96777-8,Final,Final,http://hl7.org/fhir/observation-status,20230215  14:38:06 ,"How often does anyone, including family and friends, threaten you with harm?",Never ,,95616-9,LN,LA6270-8,LN,95616-9,Interpersonal Safety,NA
11335566,AMC,AMC12345,http://terminology.hl7.org/ValueSet/v3-ActEncounterCode,FLD,Field,http://hl7.org/fhir/encounter-status,completed,Completed,CPT,405672008,Direct Questioning,"
Accountable health communities (AHC) health-related social needs screening (HRSN) tool",LN,96777-8,Final,Final,http://hl7.org/fhir/observation-status,20230215  14:38:06 ," How often does anyone, including family and friends, scream or curse at you?",Never ,,95615-1,LN,LA6270-8,LN,95615-1,Interpersonal Safety,NA
11335566,AMC,AMC12345,http://terminology.hl7.org/ValueSet/v3-ActEncounterCode,FLD,Field,http://hl7.org/fhir/encounter-status,completed,Completed,CPT,405672008,Direct Questioning,"
Accountable health communities (AHC) health-related social needs screening (HRSN) tool",LN,96777-8,Final,Final,http://hl7.org/fhir/observation-status,20230215  14:38:06 ,Safety total score,4,{score},95614-4,LN,,,,Interpersonal Safety,No
11335566,AMC,AMC12345,http://terminology.hl7.org/ValueSet/v3-ActEncounterCode,FLD,Field,http://hl7.org/fhir/encounter-status,completed,Completed,CPT,405672008,Direct Questioning,"
Accountable health communities (AHC) health-related social needs (HRSN) supplemental question",LN,97023-6,Final,Final,http://hl7.org/fhir/observation-status,20230215  14:38:06 ,"How hard is it for you to pay for the very basics like food, housing, medical care, and heating?",Very hard,,76513-1,LN,"	LA15832-1",LN,76513-1,Financial Insecurity,Yes
11335566,AMC,AMC12345,http://terminology.hl7.org/ValueSet/v3-ActEncounterCode,FLD,Field,http://hl7.org/fhir/encounter-status,completed,Completed,CPT,405672008,Direct Questioning,"
Accountable health communities (AHC) health-related social needs (HRSN) supplemental question",LN,97023-6,Final,Final,http://hl7.org/fhir/observation-status,20230215  14:38:06 ,Do you want help finding or keeping work or a job?,I do not need or want help,,96780-2,LN,LA31983-2,LN,96780-2,Employment Status,No
11335566,AMC,AMC12345,http://terminology.hl7.org/ValueSet/v3-ActEncounterCode,FLD,Field,http://hl7.org/fhir/encounter-status,completed,Completed,CPT,405672008,Direct Questioning,"
Accountable health communities (AHC) health-related social needs (HRSN) supplemental question",LN,97023-6,Final,Final,http://hl7.org/fhir/observation-status,20230215  14:38:06 ,"If for any reason you need help with day-to-day activities such as bathing, preparing meals, shopping, managing finances, etc., do you get the help you need?",I don't need any help,,96781-0,LN,LA31976-6,LN,96781-0,Social Connection,No
11335566,AMC,AMC12345,http://terminology.hl7.org/ValueSet/v3-ActEncounterCode,FLD,Field,http://hl7.org/fhir/encounter-status,completed,Completed,CPT,405672008,Direct Questioning,"
Accountable health communities (AHC) health-related social needs (HRSN) supplemental question",LN,97023-6,Final,Final,http://hl7.org/fhir/observation-status,20230215  14:38:06 ,How often do you feel lonely or isolated from those around you?,Never ,,"93159-2	",LN,LA6270-8,LN,"93159-2	",Social Connection,No
11335566,AMC,AMC12345,http://terminology.hl7.org/ValueSet/v3-ActEncounterCode,FLD,Field,http://hl7.org/fhir/encounter-status,completed,Completed,CPT,405672008,Direct Questioning,"
Accountable health communities (AHC) health-related social needs (HRSN) supplemental question",LN,97023-6,Final,Final,http://hl7.org/fhir/observation-status,20230215  14:38:06 ,Do you speak a language other than English at home?,Yes,,97027-7,LN,LA33-6,LN,97027-7,Language Accessibility,No
11335566,AMC,AMC12345,http://terminology.hl7.org/ValueSet/v3-ActEncounterCode,FLD,Field,http://hl7.org/fhir/encounter-status,completed,Completed,CPT,405672008,Direct Questioning,"
Accountable health communities (AHC) health-related social needs (HRSN) supplemental question",LN,97023-6,Final,Final,http://hl7.org/fhir/observation-status,20230215  14:38:06 ,"Do you want help with school or training? For example, starting or completing job training or getting a high school diploma, GED or equivalent.",No,,"96782-8	",LN,LA32-8,LN,"96782-8	",Educational Attainment,No
11335566,AMC,AMC12345,http://terminology.hl7.org/ValueSet/v3-ActEncounterCode,FLD,Field,http://hl7.org/fhir/encounter-status,completed,Completed,CPT,405672008,Direct Questioning,"
Accountable health communities (AHC) health-related social needs (HRSN) supplemental question",LN,97023-6,Final,Final,http://hl7.org/fhir/observation-status,20230215  14:38:06 ,"In the last 30 days, other than the activities you did for work, on average, how many days per week did you engage in moderate exercise (like walking fast, running, jogging, dancing, swimming, biking, or other similar activities)?",4,d/wk,89555-7,LN,"	LA6115-5",LN,89555-7,Physical Activity,NA
11335566,AMC,AMC12345,http://terminology.hl7.org/ValueSet/v3-ActEncounterCode,FLD,Field,http://hl7.org/fhir/encounter-status,completed,Completed,CPT,405672008,Direct Questioning,"
Accountable health communities (AHC) health-related social needs (HRSN) supplemental question",LN,97023-6,Final,Final,http://hl7.org/fhir/observation-status,20230215  14:38:06 ,"On average, how many minutes did you usually spend exercising at this level on one of those days?",40,min/d,"68516-4	",LN,LA28855-7,LN,"68516-4	",Physical Activity,NA
11335566,AMC,AMC12345,http://terminology.hl7.org/ValueSet/v3-ActEncounterCode,FLD,Field,http://hl7.org/fhir/encounter-status,completed,Completed,CPT,405672008,Direct Questioning,,,,Final,Final,http://hl7.org/fhir/observation-status,20230215  14:38:06 ,Calculated weekly physical activity,160,min/wk,,,,,,Physical Activity,No
11335566,AMC,AMC12345,http://terminology.hl7.org/ValueSet/v3-ActEncounterCode,FLD,Field,http://hl7.org/fhir/encounter-status,completed,Completed,CPT,405672008,Direct Questioning,"
Accountable health communities (AHC) health-related social needs (HRSN) supplemental question",LN,97023-6,Final,Final,http://hl7.org/fhir/observation-status,20230215  14:38:06 ,How many times in the past 12 months have you had 5 or more drinks in a day (males) or 4 or more drinks in a day (females)?,Never ,{#}/a,68517-2,LN,"	LA6270-8",LN,68517-2,Substance Use (Alcohol Use),No
11335566,AMC,AMC12345,http://terminology.hl7.org/ValueSet/v3-ActEncounterCode,FLD,Field,http://hl7.org/fhir/encounter-status,completed,Completed,CPT,405672008,Direct Questioning,"
Accountable health communities (AHC) health-related social needs (HRSN) supplemental question",LN,97023-6,Final,Final,http://hl7.org/fhir/observation-status,20230215  14:38:06 ,How often have you used any tobacco product in past 12 months?,Never ,,96842-0,LN,"	LA6270-8",LN,96842-0,Substance Use (Tobacco Use),No
11335566,AMC,AMC12345,http://terminology.hl7.org/ValueSet/v3-ActEncounterCode,FLD,Field,http://hl7.org/fhir/encounter-status,completed,Completed,CPT,405672008,Direct Questioning,"
Accountable health communities (AHC) health-related social needs (HRSN) supplemental question",LN,97023-6,Final,Final,http://hl7.org/fhir/observation-status,20230215  14:38:06 ,How many times in the past year have you used prescription drugs for non-medical reasons?,Never ,,95530-2,LN,"	LA6270-8",LN,95530-2,Substance Use,No
11335566,AMC,AMC12345,http://terminology.hl7.org/ValueSet/v3-ActEncounterCode,FLD,Field,http://hl7.org/fhir/encounter-status,completed,Completed,CPT,405672008,Direct Questioning,"
Accountable health communities (AHC) health-related social needs (HRSN) supplemental question",LN,97023-6,Final,Final,http://hl7.org/fhir/observation-status,20230215  14:38:06 ,How many times in the past year have you used illegal drugs?,Never ,{#}/a,68524-8,LN,"	LA6270-8",LN,68524-8,Substance Use,No
11335566,AMC,AMC12345,http://terminology.hl7.org/ValueSet/v3-ActEncounterCode,FLD,Field,http://hl7.org/fhir/encounter-status,completed,Completed,CPT,405672008,Direct Questioning,"
Accountable health communities (AHC) health-related social needs (HRSN) supplemental question",LN,97023-6,Final,Final,http://hl7.org/fhir/observation-status,20230215  14:38:06 ,Little interest or pleasure in doing things?,Not at all,,44250-9,LN,"	LA6568-5",LN,44250-9,Mental Health (Depression),NA
11335566,AMC,AMC12345,http://terminology.hl7.org/ValueSet/v3-ActEncounterCode,FLD,Field,http://hl7.org/fhir/encounter-status,completed,Completed,CPT,405672008,Direct Questioning,"
Accountable health communities (AHC) health-related social needs (HRSN) supplemental question",LN,97023-6,Final,Final,http://hl7.org/fhir/observation-status,20230215  14:38:06 ,"	Feeling down, depressed, or hopeless?",Not at all,,44255-8,LN,"	LA6568-5",LN,44255-8,Mental Health (Depression),NA
11335566,AMC,AMC12345,http://terminology.hl7.org/ValueSet/v3-ActEncounterCode,FLD,Field,http://hl7.org/fhir/encounter-status,completed,Completed,CPT,405672008,Direct Questioning,"
",,,Final,Final,http://hl7.org/fhir/observation-status,20230215  14:38:06 ,Calculated mental health score,0,,,,,,,Mental Health (Depression),No
11335566,AMC,AMC12345,http://terminology.hl7.org/ValueSet/v3-ActEncounterCode,FLD,Field,http://hl7.org/fhir/encounter-status,completed,Completed,CPT,405672008,Direct Questioning,"
Accountable health communities (AHC) health-related social needs (HRSN) supplemental question",LN,97023-6,Final,Final,http://hl7.org/fhir/observation-status,20230215  14:38:06 ,"Stress means a situation in which a person feels tense, restless, nervous, or anxious, or is unable to sleep at night because his or her mind is troubled all the time. Do you feel this kind of stress these days?",Not at all,,93038-8,LN,"	LA6568-5",LN,93038-8,Stress,No
11335566,AMC,AMC12345,http://terminology.hl7.org/ValueSet/v3-ActEncounterCode,FLD,Field,http://hl7.org/fhir/encounter-status,completed,Completed,CPT,405672008,Direct Questioning,"
Accountable health communities (AHC) health-related social needs (HRSN) supplemental question",LN,97023-6,Final,Final,http://hl7.org/fhir/observation-status,20230215  14:38:06 ,"Because of a physical, mental, or emotional condition, do you have serious difficulty concentrating, remembering, or making decisions?",No,,69858-9,LN,LA32-8,LN,69858-9,Disability,No
11335566,AMC,AMC12345,http://terminology.hl7.org/ValueSet/v3-ActEncounterCode,FLD,Field,http://hl7.org/fhir/encounter-status,completed,Completed,CPT,405672008,Direct Questioning,"
Accountable health communities (AHC) health-related social needs (HRSN) supplemental question",LN,97023-6,Final,Final,http://hl7.org/fhir/observation-status,20230215  14:38:06 ,"Because of a physical, mental, or emotional condition, do you have difficulty doing errands alone such as visiting a physician's office or shopping?",No,,"69861-3	",LN,LA32-8,LN,"69861-3	",Disability,No
